ContentTypeID	ContentID	TypeOrder	EntryInL1	EntryInL2	Frequency	RecordingFileName
741728	430	0	in			
741729	430	0	and			
741730	430	0	to			
741731	430	0	ra			
741732	430	0	from			
741733	430	0	that			
741734	430	0	Iran			
741735	430	0	is			
741736	430	0	this			
741737	430	0	he/ she			
741738	430	0	with			
741739	430	0	year			
741740	430	0	for			
741741	430	0	also			
741742	430	0	custom 			
741758	430	0	arts of			
741759	430	0	this			
741760	430	0	but			
741761	430	0	poem			
741762	430	0	feast 			
741763	430	0	art			
741764	430	0	every			
741765	430	0	A lot			
741766	430	0	Dr.			
741767	430	0	then			
741768	430	0	life			
741769	430	0	lesson			
741770	430	0	province 			
741771	430	0	what?			
741772	430	0	literature 			
741773	430	0	so			
741774	430	0	Mostafa			
741775	430	0				
741776	430	0	has			
741777	430	0	they			
741778	430	0	before			
741779	430	0	they are			
741780	430	0	all of			
741781	430	0	two			
741782	430	0	Mahmood			
741783	430	0	type			
741784	430	0	Islam			
741785	430	0	you (singular)			
741786	430	0	two			
741787	430	0	Mr.			
741788	430	0	one			
741789	430	0	Iranian			
741790	430	0	physics 			
741791	430	0	Hesabi			
741792	430	0	America			
741793	430	0	Other			
741794	430	0	Islamic			
741795	430	0	some of			
741796	430	0	Imam			
741797	430	0	about			
741798	430	0	Era			
741799	430	0	AmirKabir			
741800	430	0	university			
741801	430	0	day			
741802	430	0	love			
741803	430	0	the beginning 			
741804	430	0	music 			
741805	430	0	Nowrooz			
741806	430	0	Hotel			
741807	430	0	the host			
741808	430	0	guest 			
741809	430	0	text			
741810	430	0	famous 			
741811	430	0	climate 			
741812	430	0				
741813	430	0	north			
741814	430	0	center 			
741815	430	0	is			
741816	430	0	or			
741817	430	0	ancient 			
741818	430	0	city			
741819	430	0	Period			
741820	430	0	eating			
741821	430	0	more			
741822	430	0	Very			
741823	430	0	Development			
741824	430	0	establish 			
741825	430	0	should			
741826	430	0	Relatives			
741827	430	0	acceptance 			
741828	430	0	room			
741829	430	0	all			
741830	430	0	Chamran			
741831	430	0	vast			
741832	430	0	west			
741833	430	0	Tehran			
741834	430	0	also			
741835	430	0	exist			
741836	430	0	Peace be upon him			
741837	430	0	science			
741838	430	0	to (With respect(			
741839	430	0	hello			
741840	430	0	fruit			
741841	430	0	equal 			
741842	430	0	until			
741843	430	0	new			
741844	430	0	history			
741845	430	0	concept			
741846	430	0	one of			
741847	430	0	God			
741848	430	0	always			
741849	430	0	human			
741850	430	0	could			
741851	430	0	title			
741852	430	0	Lebanon			
741853	430	0	grade 			
741854	430	0	new			
741855	430	0	ceremony 			
741856	430	0	Architecture			
741857	430	0	poets 			
741858	430	0	poet 			
741888	430	0	self			
741889	430	0	servant of 			
741890	430	0	father			
741891	430	0	water			
741892	430	0	Beirut			
741893	430	0	France			
741894	430	0	universities of 			
741895	430	0	book			
741896	430	0	national 			
741897	430	0	About			
741898	430	0	7			
741899	430	0	over			
741900	430	0	passenger 			
741901	430	0	God			
741902	430	0	handmade 			
741903	430	0	types 			
741904	430	0	Hijri			
741859	430	0	east			
741860	430	0	south			
741861	430	0	Isfahan			
741862	430	0	Fars			
741863	430	0	sea			
741864	430	0	Opinion			
741865	430	0	program 			
741866	430	0	TV presenter			
741867	430	0	dear			
741868	430	0	viewer 			
741869	430	0	handwriting			
741870	430	0	here you are			
741871	430	0	should not			
741872	430	0	becomes 			
741873	430	0	many- numerous			
741874	430	0	so			
741875	430	0	Amir			
741876	430	0	Kabir			
741877	430	0	king			
741878	430	0	Academic			
741879	430	0	the first			
741880	430	0	fields 			
741881	430	0	combat 			
741882	430	0	the length			
741883	430	0	became			
741884	430	0	went			
741885	430	0	Persian			
741886	430	0	for example 			
741887	430	0	I think 			
741905	430	0	firth			
741906	430	0	districts 			
741907	430	0	Different			
741908	430	0	becomes 			
741909	430	0	important			
741910	430	0	Gulf			
741911	430	0	institute 			
741912	430	0	Global			
741913	430	0	natural 			
741914	430	0	historical 			
741915	430	0	Safavieh			
741916	430	0	Religious			
741917	430	0	an important 			
741918	430	0	holy shrine			
741919	430	0	Reza			
741920	430	0	Shia			
741921	430	0	local			
741922	430	0	yes			
741923	430	0	back			
741924	430	0	digest 			
741925	430	0	physician			
741926	430	0	never 			
741927	430	0	clock/ watch/ hour			
741928	430	0	other			
741929	430	0	to become 			
741930	430	0	flow 			
741931	430	0	blood			
741932	430	0	 dim			
741933	430	0	is not			
741934	430	0	involve 			
741935	430	0	like			
741936	430	0	apple			
741937	430	0	less			
741938	430	0	Minister			
741939	430	0	helical			
741940	430	0	Qajar			
741941	430	0	Despite			
741942	430	0	foreigner			
741943	430	0	Science			
741944	430	0	did			
741945	430	0	students			
741946	430	0	countries			
741947	430	0	engineering 			
741948	430	0	books of			
741949	430	0	Development			
741950	430	0	hospital			
741951	430	0	they became			
741952	430	0	original			
741953	430	0	Mystical, gnostic			
741954	430	0	whether			
741955	430	0	dear			
741956	430	0	that's mean			
741957	430	0	Kaveh			
741958	430	0	gnosticism			
741959	430	0	professor 			
741960	430	0	next to the			
741961	430	0	rocks			
741962	430	0	of stone			
741963	430	0	troubles 			
741964	430	0	something 			
741965	430	0	help			
741966	430	0	students of 			
741967	430	0	Bright			
741968	430	0	speed 			
741969	430	0	had			
741970	430	0	calm			
741971	430	0	verses 			
741972	430	0	sport			
741973	430	0	always			
741974	430	0	exist 			
741975	430	0	nowadays			
741976	430	0	table cloth of			
741977	430	0	Seven sin			
741978	430	0	seven			
741979	430	0	4			
741980	430	0	5			
741981	430	0	6			
741982	430	0	things			
741983	430	0	Beauty			
741984	430	0	section			
741985	430	0	fifth			
741986	430	0	69			
741987	430	0	go			
741988	430	0	Ambulance 			
741989	430	0	they were			
741990	430	0	revolution 			
741991	430	0	war			
741992	430	0	part of			
741993	430	0	what			
741994	430	0	martyrdom 			
741995	430	0	life			
741996	430	0	has been			
741997	430	0	they have have			
741998	430	0	current 			
741999	430	0	famous 			
742000	430	0	Lunar			
742144	430	0	Quran 			
742145	430	0	Arabic			
742146	430	0	specially 			
742147	430	0	the final			
742148	430	0	Moments of			
742149	430	0	an hour 			
742150	430	0	others			
742151	430	0	a country 			
742152	430	0	dimension 			
742153	430	0	we can			
742154	430	0	even			
742155	430	0	spring			
742156	430	0	Farvardin 			
742157	430	0	Each other			
742158	430	0	they go			
742159	430	0	family			
742160	430	0	elders 			
742161	430	0	usually 			
742162	430	0	the moment 			
742163	430	0	transfer			
742164	430	0	orison			
742165	430	0	they read			
742166	430	0	letter			
742167	430	0	Sin			
742168	430	0	three			
742169	430	0	grass			
742170	430	0	thirteen 			
742171	430	0	nature			
742172	430	0	night			
742173	430	0	they have			
742174	430	0	example 			
742175	430	0	we divide 			
742176	430	0	base of 			
742177	430	0	national 			
742178	430	0	they			
742179	430	0	toward 			
742180	430	0	somebody			
742181	430	0	a thing			
742182	430	0	remove			
742183	430	0	what			
742184	430	0	the number of			
742185	430	0	Mostofi			
742186	430	0	that			
742187	430	0	the mistake			
742188	430	0	we			
742189	430	0	blessed			
742190	430	0	you came 			
742191	430	0	Ok			
742192	430	0	thank you			
742193	430	0	new			
742194	430	0	home of 			
742195	430	0	big/ large			
742196	430	0	Companions			
742197	430	0	waiting			
742198	430	0	his life 			
742199	430	0	they had 			
742200	430	0	memory			
742201	430	0	beings			
742202	430	0	twenty two			
742203	430	0	the most famous 			
742204	430	0	Superior			
742205	430	0	rich			
742206	430	0	there			
742207	430	0	soldier 			
742208	430	0	return 			
742209	430	0	Role			
742210	430	0	Was on the move			
742211	430	0	I want			
742212	430	0	I have done			
742213	430	0	will			
742214	430	0	you show			
742215	430	0	cruelty			
742216	430	0	Infidelity			
742217	430	0	weaving carpet			
742218	430	0	Drawing			
742219	430	0	bodily 			
742220	430	0	Dramatic			
742221	430	0	cinema 			
742222	430	0	theater 			
742223	430	0	longevity			
742224	430	0	returns 			
742225	430	0	samples 			
742226	430	0	mosque 			
742227	430	0	Glassblowing			
742228	430	0	top			
742229	430	0	painting 			
742230	430	0	Calligraphy			
742231	430	0	interest of			
742232	430	0	Abundance			
742233	430	0	Many			
742234	430	0	they know			
742235	430	0	epic			
742236	430	0	Literary			
742237	430	0	sports 			
742238	430	0	wrestling 			
742239	430	0	Asghar 			
742240	430	0	Farhadi			
742001	430	0	four			
742002	430	0	season			
742003	430	0	space			
742004	430	0	different 			
742005	430	0	has			
742006	430	0	provinces 			
742007	430	0	such as			
742008	430	0	Mashhad			
742009	430	0	Azerbaijan 			
742010	430	0	Shiraz			
742011	430	0	culture			
742012	430	0	Region			
742013	430	0	Khazar			
742014	430	0	the biggest 			
742015	430	0	Oman			
742016	430	0	The most important			
742017	430	0	Iraq			
742018	430	0	attraction 			
742019	430	0	Available			
742020	430	0				
742021	430	0	bed			
742022	430	0	Jamshid			
742023	430	0	vicinity			
742024	430	0	Square			
742025	430	0	Million			
742026	430	0	person			
742027	430	0	sister			
742028	430	0	Qom			
742029	430	0	Religious			
742030	430	0	second			
742031	430	0	viewers			
742032	430	0	today			
742033	430	0	Dariush			
742034	430	0	we are			
742035	430	0	health			
742036	430	0	 ask			
742037	430	0	TV			
742038	430	0	I wanted			
742039	430	0	foods			
742040	430	0	fruits 			
742041	430	0	say hello			
742042	430	0	when			
742043	430	0	Cause			
742044	430	0	works 			
742045	430	0	do			
742046	430	0	tea			
742047	430	0	be			
742048	430	0	Bathroom			
742049	430	0	good			
742050	430	0	to sleep			
742051	430	0	sentence			
742052	430	0	things 			
742053	430	0	material 			
742054	430	0	fish			
742055	430	0	no			
742056	430	0	sugar 			
742057	430	0	Mirza			
742058	430	0	Taghi Khan			
742059	430	0	birth			
742060	430	0	Ghajarieh 			
742061	430	0	power			
742062	430	0	poor			
742063	430	0	his father			
742064	430	0	came			
742065	430	0	level-floor			
742066	430	0	society 			
742067	430	0	front side			
742068	430	0	salary 			
742069	430	0	royalty 			
742070	430	0	decadence			
742071	430	0	Development			
742072	430	0	agent			
742073	430	0	knew			
742074	430	0	create 			
742075	430	0	security 			
742076	430	0	the first 			
742077	430	0	between			
742078	430	0	he created 			
742079	430	0	then			
742080	430	0	inside 			
742081	430	0	1230			
742082	430	0	birth of Christ			
742083	430	0	name			
742084	430	0	Darolfonoon- house of science 			
742085	430	0	professors 			
742086	430	0	fields 			
742087	430	0	Languages of			
742088	430	0	action			
742089	430	0	three			
742090	430	0	wealth 			
742091	430	0	he cried 			
742092	430	0	when			
742093	430	0	he ordered 			
742094	430	0	sickness			
742095	430	0	smallpox			
742096	430	0	vaccine			
742097	430	0	person			
742098	430	0	so			
742099	430	0	Children			
742100	430	0	he saw			
742101	430	0	schools 			
742102	430	0	the future of 			
742103	430	0	bright 			
742104	430	0	third			
742105	430	0	from Shiraz			
742106	430	0	you can			
742107	430	0	Destroyed			
742108	430	0	I go			
742109	430	0	dearest			
742110	430	0	good			
742111	430	0	soul			
742112	430	0	Peace			
742113	430	0	goal			
742114	430	0	friend			
742115	430	0	God			
742116	430	0	in			
742117	430	0	verse 			
742118	430	0	is love			
742119	430	0	Explicitly			
742120	430	0	he says			
742121	430	0	school			
742122	430	0	does			
742123	430	0	becomes			
742124	430	0	Perseverance			
742125	430	0	a useful			
742111	430	0	soul			
742112	430	0	Peace			
742113	430	0	goal			
742114	430	0	friend			
742115	430	0	God			
742116	430	0	in			
742117	430	0	verse 			
742118	430	0	is love			
742119	430	0	Explicitly			
742120	430	0	he says			
742121	430	0	school			
742122	430	0	does			
742123	430	0	has been			
742124	430	0	Perseverance			
742125	430	0	a useful			
742126	430	0	mother			
742127	430	0	had been			
742128	430	0	desert 			
742129	430	0	Mrs			
742130	430	0	perfect 			
742131	430	0	inter 			
742132	430	0	distinguished			
742133	430	0	graduate 			
742134	430	0	the rest			
742135	430	0	English			
742136	430	0	astronomy 			
742137	430	0	Realized			
742138	430	0	Talent			
742139	430	0	Einstein			
742140	430	0	time			
742141	430	0	learn			
742142	430	0	he			
742143	430	0	services 			
742400	430	0	nutritive			
742656	430	0	his family			
742912	430	0				
743168	430	0	I understood			
742401	430	0	pregnancy 			
742657	430	0	his mother			
742913	430	0	excuse 			
743169	430	0	bliss			
742402	430	0	Advice			
742658	430	0	Goharshad			
742914	430	0	I want			
743170	430	0	pleasure			
742403	430	0	items			
742659	430	0	his sons 			
742915	430	0	would you please			
743171	430	0	comfort			
742404	430	0	is			
742660	430	0	He grew up and trained			
742916	430	0	exactly 			
743172	430	0	but			
742405	430	0	Protein			
742661	430	0	difficulties of			
742917	430	0	Slippers			
743173	430	0	at last			
742406	430	0	dairy 			
742662	430	0	Tolerated			
742918	430	0	hair dryer 			
743174	430	0	sixth			
742407	430	0	low fat			
742663	430	0	educated			
742919	430	0	soap 			
743175	430	0	Set			
742408	430	0	meat			
742664	430	0	His education			
742920	430	0	shampoo			
743176	430	0	is made			
742409	430	0	Lentils			
742665	430	0	average 			
742921	430	0	even			
743177	430	0	by			
742410	430	0	pea			
742666	430	0	finish			
742922	430	0	curtain 			
743178	430	0	Impact			
742411	430	0	bread			
742667	430	0	American 			
742923	430	0	Bedding			
743179	430	0	feelings 			
742412	430	0	fruits			
742668	430	0	to become			
742924	430	0	blanket 			
743180	430	0	feelings			
742413	430	0	Berry			
742669	430	0	1303			
742925	430	0	dirty 			
743181	430	0	talent 			
742414	430	0	European			
742670	430	0	1924 			
742926	430	0	I say			
743182	430	0	the transfer			
742415	430	0	orange 			
742671	430	0	18			
742927	430	0	Sorry			
743183	430	0	meaning 			
742416	430	0	banana 			
742672	430	0	Teaching			
742928	430	0	How much			
743184	430	0	creates 			
742417	430	0	apricot 			
742673	430	0	education 			
742929	430	0	your name			
743185	430	0	divide 			
742418	430	0	almond 			
742674	430	0	educated 			
742930	430	0	what is it?			
743186	430	0	statuary			
742419	430	0	Pistachio			
742675	430	0	Arab			
742931	430	0	attractive 			
743187	430	0	glass			
742420	430	0	Walnut			
742676	430	0	Civil			
742932	430	0	by mistake			
743188	430	0				
742421	430	0	date			
742677	430	0	medical 			
742933	430	0	has happened 			
743189	430	0	painting 			
742422	430	0	of course 			
742678	430	0	biology 			
742934	430	0	ninety 			
743190	430	0	Calligraphy			
742423	430	0	your food			
742679	430	0	electricity 			
742935	430	0	is six			
743191	430	0	abbreviation  			
742424	430	0	try			
742680	430	0	mathematics 			
742936	430	0	upside down			
743192	430	0	septette			
742425	430	0	foods of			
742681	430	0	ultimate 			
742937	430	0	you read			
743193	430	0	we explore 			
742426	430	0	Fat			
742682	430	0	field 			
742938	430	0	you went			
743194	430	0	7000			
742427	430	0	eat			
742683	430	0	item			
742939	430	0	Busy			
743195	430	0	Choqazanbil			
742428	430	0	open minded 			
742684	430	0	his interest 			
742940	430	0	repair 			
743196	430	0	tomb			
742429	430	0	1186			
742685	430	0	he found 			
742941	430	0	conversation 2 			
743197	430	0	Cyrus			
742430	430	0	capable			
742686	430	0	PhD			
742942	430	0	Yousofi			
743198	430	0	comprehensive 			
742431	430	0	competent			
742687	430	0	his physics 			
742943	430	0	one hundred 			
743199	430	0	gem			
742432	430	0	Nasere Din			
742688	430	0	Sorbonne			
742944	430	0	years			
743200	430	0	happy			
742433	430	0	weak			
742689	430	0	catch			
742945	430	0	Soheili			
743201	430	0	history			
742434	430	0	government			
742690	430	0	Genius			
742946	430	0	I hope			
743202	430	0	venue 			
742435	430	0	all			
742691	430	0	They predicted			
742947	430	0	are you good?			
743203	430	0	variety			
742436	430	0	government 			
742692	430	0	predict 			
742948	430	0	have			
743204	430	0	special 			
742437	430	0	stood			
742693	430	0	Was achieved			
742949	430	0	over			
743205	430	0	public 			
742438	430	0	did not let 			
742694	430	0	student			
742950	430	0	thank you			
743206	430	0	carpets of 			
742439	430	0	resources 			
742695	430	0	assistant  			
742951	430	0	news 			
743207	430	0	Strength			
742440	430	0	To steal			
742696	430	0	Albert 			
742952	430	0	the health			
743208	430	0	unique 			
742441	430	0	family 			
742697	430	0	Physicist			
742953	430	0				
743209	430	0	Parthians			
742442	430	0	Was trained			
742698	430	0	To be selected			
742954	430	0	Wow			
743210	430	0	Returns			
742443	430	0	chef 			
742699	430	0	To travel			
742955	430	0	Sweets			
743211	430	0	found 			
742444	430	0	simple 			
742700	430	0	short 			
742956	430	0	nuts 			
743212	430	0				
742445	430	0	so			
742701	430	0	Residence			
742957	430	0	is beautiful 			
743213	430	0	long			
742446	430	0	position			
742702	430	0	knowledge of 			
742958	430	0	you can have it 			
743214	430	0	History of			
742447	430	0	ministry 			
742703	430	0	who			
742959	430	0	Do not compliment			
743215	430	0				
742448	430	0	He was paying attention			
742704	430	0	bosses 			
742960	430	0	s (plural sign)			
743216	430	0	one thousand			
742449	430	0	decrease 			
742705	430	0	invited 			
742961	430	0	is yours 			
743217	430	0	cave settlement 			
742450	430	0	court			
742706	430	0	their universities 			
742962	430	0	do you permit 			
743218	430	0	some paintings 			
742451	430	0	combat 			
742707	430	0	to teach			
742963	430	0	your service 			
743219	430	0	picture 			
742452	430	0	growth 			
742708	430	0	to stay 			
742964	430	0	Let's get fired			
743220	430	0	animals 			
742453	430	0	security 			
742709	430	0	country 			
742965	430	0				
743221	430	0	on			
742454	430	0	technology 			
742710	430	0	head 			
742966	430	0	yet			
743222	430	0	walls of 			
742455	430	0	his neighbor 			
742711	430	0	it's second leg			
742967	430	0	you did not eat			
743223	430	0	caves			
742456	430	0	peace 			
742712	430	0	his country 			
742968	430	0	your permission 			
743224	430	0	Lorestan 			
742457	430	0	rebels 			
742713	430	0	useful			
742969	430	0	several			
743225	430	0	Mongols			
742458	430	0	Suppressed			
742714	430	0	be			
742970	430	0	place			
743226	430	0	Kamalol Molk			
742459	430	0	works of			
742715	430	0	his entrance 			
742971	430	0	where 			
743227	430	0	Farshchian 			
742460	430	0	acquaintance			
742716	430	0	his death			
742972	430	0	do you want			
743228	430	0	painters 			
742461	430	0	the most recent 			
742717	430	0	did			
742973	430	0	now			
743229	430	0	their works			
742462	430	0	Advanced			
742718	430	0				
742974	430	0	go			
743230	430	0	reputation 			
742463	430	0	sent			
742719	430	0	energy			
742975	430	0	engineer 			
743231	430	0	Development			
742464	430	0	the first time 			
742720	430	0	atomic 			
742976	430	0	Jahan Giri 			
743232	430	0	found			
742465	430	0	1851			
742721	430	0	knowledge			
742977	430	0	neighbor 			
743233	430	0	beautiful			
742466	430	0	established 			
742722	430	0				
742978	430	0	Down- below			
743234	430	0	to write 			
742467	430	0	Scientist			
742723	430	0	technical 			
742979	430	0	ee			
743235	430	0	Nastaliq			
742468	430	0	invited			
742724	430	0	upbringing			
742980	430	0	What good			
743236	430	0	to search 			
742469	430	0	they teach 			
742725	430	0	teacher			
742981	430	0	we want			
743237	430	0	they invent 			
742470	430	0	mining 			
742726	430	0	new			
742982	430	0	there			
743238	430	0	the most beautiful 			
742471	430	0	Medicine			
742727	430	0	station 			
742983	430	0	let			
743239	430	0	bride 			
742472	430	0	Pharmacology			
742728	430	0	aerology			
742984	430	0	present			
743240	430	0	scripts 			
742473	430	0	Military			
742729	430	0	Iran			
742985	430	0	become 			
743241	430	0	Mir Ali			
742474	430	0	third 			
742730	430	0	Compilation			
742986	430	0	devotee			
743242	430	0	Tabrizi			
742475	430	0	central 			
742731	430	0	human 			
742987	430	0	was moving 			
743243	430	0	850			
742476	430	0	the translation of 			
742732	430	0	humble 			
742988	430	0	commander  			
743244	430	0	Mir Emad			
742477	430	0	Persian language			
742733	430	0	patient 			
742989	430	0	army			
743245	430	0	Hasani			
742478	430	0	his other			
742734	430	0	taciturn			
742990	430	0	with difficulty			
743246	430	0	1024			
742479	430	0	Superstitions			
742735	430	0	thoughtful 			
742991	430	0	district 			
743247	430	0	Calligraphers			
742480	430	0	Illiteracy			
742736	430	0	good-tempered			
742992	430	0	neck			
743248	430	0	Prose			
742481	430	0	understanding 			
742737	430	0	always 			
742993	430	0	He was injured			
743249	430	0	Intermediary			
742482	430	0	political			
742738	430	0	was trying 			
742994	430	0	he was coming out			
743250	430	0	His literature			
742483	430	0	information 			
742739	430	0	things 			
742995	430	0	anxious 			
743251	430	0	its authors			
742484	430	0	newspaper of 			
742740	430	0	Dominated			
742996	430	0	Mr			
743252	430	0	subjects 			
742485	430	0	Vaghayeol Etefaghieh			
742741	430	0	various 			
742997	430	0	meeting 			
743253	430	0	championship 			
742486	430	0	printed  			
742742	430	0	French 			
742998	430	0	moment 			
743254	430	0	victories 			
742487	430	0	Period			
742743	430	0	German 			
742999	430	0	a film 			
743255	430	0	failures  			
742488	430	0	Corrupt			
742744	430	0	traditional 			
743000	430	0	his eyes 			
743256	430	0	Ferdowsi			
742489	430	0	Colonial			
742745	430	0	aware 			
743001	430	0	passed 			
743257	430	0	Shahname 			
742490	430	0	England 			
742746	430	0	swimming 			
743002	430	0	childhood 			
743258	430	0	connection 			
742491	430	0	is perfect 			
742747	430	0	he could 			
743003	430	0	devoted			
743259	430	0	How			
742492	430	0	They conspired			
742748	430	0	Successes			
743004	430	0	loved 			
743260	430	0	Attar 			
742493	430	0	Because 			
742749	430	0	acquire  			
743005	430	0	help			
743261	430	0	Mantegho Teir			
742494	430	0	permission 			
742750	430	0	ultimately 			
743006	430	0	student 			
743262	430	0	Rumi			
742495	430	0	theft 			
742751	430	0	Genius			
743007	430	0	first 			
743263	430	0	Masnavi			
742496	430	0	did not give 			
742752	430	0	from 			
743008	430	0	teachers 			
743264	430	0	Spiritual			
742241	430	0	Geography			
742497	430	0	they could			
742753	430	0	90			
743009	430	0	his professor 			
743265	430	0	outstanding 			
742242	430	0	reason			
742498	430	0	Command			
742754	430	0	useful 			
743010	430	0	mathematics 			
743266	430	0	educational 			
742243	430	0	we can			
742499	430	0	Execution			
742755	430	0	hospitals of 			
743011	430	0	amazed 			
743267	430	0	method 			
742244	430	0	Diverse			
742500	430	0	foolish 			
742756	430	0	Switzerland 			
743012	430	0	a course			
743268	430	0	correct 			
742245	430	0	To know			
742501	430	0	to get 			
742757	430	0	died			
743013	430	0	Hardship			
743269	430	0	to live			
742246	430	0	1648195			
742502	430	0				
742758	430	0	based on			
743014	430	0	acceptance 			
743270	430	0	Saadi			
742247	430	0	kilometre 			
742503	430	0	Kashan 			
742759	430	0	his will			
743015	430	0	they catch 			
743271	430	0	author of 			
742248	430	0	square 			
742504	430	0	He was martyred			
742760	430	0	his body			
743016	430	0	20			
743272	430	0	garden			
742249	430	0	the eighteenth 			
742505	430	0	is ready 			
742761	430	0	the birth place 			
743017	430	0	had caught 			
743273	430	0	garden			
742250	430	0	warm			
742506	430	0	personality 			
742762	430	0	his fatherhood 			
743018	430	0	they were thinking 			
743274	430	0	Parvin 			
742251	430	0	dry			
742507	430	0	his serious 			
742763	430	0	Tafreh 			
743019	430	0	has done 			
743275	430	0	Etesami 			
742252	430	0	cold			
742508	430	0	once 			
742764	430	0	buried 			
743020	430	0	his professor 			
743276	430	0	Poets			
742253	430	0	Mountainous			
742509	430	0	voice of			
742765	430	0	surroundings 			
743021	430	0	told			
743277	430	0	Mohammad			
742254	430	0	rainy 			
742510	430	0	high			
742766	430	0	his life 			
743022	430	0	competency			
743278	430	0	Taghi			
742255	430	0	wet			
742511	430	0	destroy 			
742767	430	0	Thus			
743023	430	0	government 			
743279	430	0	Nima Youshij			
742256	430	0	31			
742512	430	0	children 			
742768	430	0	narrates 			
743024	430	0	Dispatched			
743280	430	0	Mahdi 			
742257	430	0	divide 			
742513	430	0				
742769	430	0	physicians			
743025	430	0	courses 			
743281	430	0	Akhavan			
742258	430	0	cities 			
742514	430	0	between			
742770	430	0	hopeless 			
743026	430	0				
743282	430	0	third 			
742259	430	0	villages 			
742515	430	0	rumor 			
742771	430	0	they waited 			
743027	430	0				
743283	430	0	Sohrab			
742260	430	0	centers of 			
742516	430	0	vaccinate 			
742772	430	0	his heart			
743028	430	0	PhD			
743284	430	0	Sepehri			
742261	430	0	Khorasan			
742517	430	0	mad			
742773	430	0	To stand			
743029	430	0	electronic 			
743285	430	0	Ancient			
742262	430	0	Razavi			
742518	430	0	their children 			
742774	430	0	Behavior			
743030	430	0	finished 			
743286	430	0	musical instrument			
742263	430	0	eastern 			
742519	430	0	to vaccinate 			
742775	430	0	subject			
743031	430	0	So that			
743287	430	0	hornpipe			
742264	430	0	Tabriz			
742520	430	0	did not take			
742776	430	0	Nursing			
743032	430	0	their questions 			
743288	430	0	Dulcimer			
742265	430	0	provided			
742521	430	0				
742777	430	0	wanted			
743033	430	0	They were asking			
743289	430	0	have invented 			
742266	430	0	go travelling 			
742522	430	0	pay a fine 			
742778	430	0	his bed 			
743034	430	0	end			
743290	430	0	Roodaki			
742267	430	0	special 			
742523	430	0	جریمه دادند			
742779	430	0	gives			
743035	430	0	his education 			
743291	430	0	they knew			
742268	430	0	we see			
742524	430	0	but			
742780	430	0	Accuracy			
743036	430	0	The most reliable 			
743292	430	0	artists from 			
742269	430	0	Mazandaran 			
742525	430	0	their children 			
742781	430	0	his usual			
743037	430	0	they wanted 			
743293	430	0	like			
742270	430	0	connected 			
742526	430	0	they did not vaccinate 			
742782	430	0	s/he read			
743038	430	0	above			
743294	430	0	Mohammad Reza			
742271	430	0	lake of 			
742527	430	0	unfortunately 			
742783	430	0	world			
743039	430	0	teaching 			
743295	430	0	Shajarian			
742272	430	0	Relationship			
742528	430	0	prevalent 			
742784	430	0	had left			
743040	430	0	research 			
743296	430	0	Shahram 			
742273	430	0	Region of			
742529	430	0	children 			
742785	430	0	fourth			
743041	430	0	aim			
743297	430	0	Nazeri 			
742274	430	0	petroleum			
742530	430	0	they died 			
742786	430	0	old			
743042	430	0	upper 			
743298	430	0	Parviz			
742275	430	0	Gas			
742531	430	0	cemetery			
742787	430	0	various 			
743043	430	0	these			
743299	430	0	Meshkatian			
742276	430	0	they know			
742532	430	0	fathers 			
742788	430	0	Geographical			
743044	430	0	1347			
743300	430	0	old			
742277	430	0	gates of 			
742533	430	0	their mothers 			
742789	430	0	we investigate 			
743045	430	0	decision 			
743301	430	0	Herodotus			
742278	430	0	link			
742534	430	0	tomb 			
742790	430	0	geographical 			
743046	430	0	great			
743302	430	0	Historian			
742279	430	0	ocean 			
742535	430	0	they put			
742791	430	0	is divided 			
743047	430	0	caught 			
743303	430	0	Greek			
742280	430	0	India 			
742536	430	0	tables 			
742792	430	0	allover 			
743048	430	0	Egypt 			
743304	430	0	says 			
742281	430	0	neighbors 			
742537	430	0	the sat 			
742793	430	0	More			
743049	430	0	duration 			
743305	430	0	their offspring			
742282	430	0	Afghanistan			
742538	430	0	They were building			
742794	430	0	Borders			
743050	430	0	methods 			
743306	430	0	they teach			
742283	430	0	Pakistan 			
742539	430	0	now			
742795	430	0	feast 			
743051	430	0	learnt 			
743307	430	0	shooting 			
742284	430	0	Turkmenistan			
742540	430	0	Killed			
742796	430	0	three thousands 			
743052	430	0	invitation 			
743308	430	0	horse riding 			
742285	430	0	Armenia			
742541	430	0	Ignorance			
742797	430	0	is held 			
743053	430	0	Moosa Sadr			
743309	430	0	Truthfulness			
742286	430	0	Turkey			
742542	430	0	Ignorance			
742798	430	0	three hundreds 			
743054	430	0	leader 			
743310	430	0	Polo			
742287	430	0	are			
742543	430	0	time			
742799	430	0	they present			
743055	430	0	regime 			
743311	430	0	sports 			
742288	430	0	tourism 			
742544	430	0	loudly 			
742800	430	0	21			
743056	430	0	Zionist			
743312	430	0	weightlifting			
742289	430	0	fifth 			
742545	430	0	conversation			
742801	430	0	March			
743057	430	0	Training			
743313	430	0	Taekwondo			
742290	430	0	attractive 			
742546	430	0	class			
742802	430	0	word			
743058	430	0	Physical			
743314	430	0	Volleyball			
742291	430	0	Introduces			
742547	430	0	we want			
742803	430	0	in addition 			
743059	430	0	mental			
743315	430	0	Futsal			
742292	430	0	cave			
742548	430	0	speak 			
742804	430	0	Visiting			
743060	430	0	Lebanese			
743316	430	0	part of 			
742293	430	0	Ali Sadr			
742549	430	0	a question 			
742805	430	0	firth			
743061	430	0	the payment			
743317	430	0	253			
742294	430	0	Hamedan			
742550	430	0	Is raised			
742806	430	0	Smaller			
743062	430	0	victory 			
743318	430	0	Ashoora			
742295	430	0	parks of			
742551	430	0	mirror			
742807	430	0	seeing 			
743063	430	0	Khomeini			
743319	430	0	Ceremony			
742296	430	0	wild			
742552	430	0	what is it?			
742808	430	0				
743064	430	0				
743320	430	0				
742297	430	0				
742553	430	0				
742809	430	0				
743065	430	0				
743318	430	0	Ashoora			
742295	430	0	parks of			
742551	430	0	mirror			
742807	430	0	seeing 			
743063	430	0	Khomeini			
743319	430	0	Ceremony			
742296	430	0	wild			
742552	430	0	what is it?			
742808	430	0	Smaller			
743064	430	0	trust 			
743320	430	0	Ta'zieh reading 			
742297	430	0	islands 			
742553	430	0	butterfly 			
742809	430	0	reward 			
743065	430	0	responsibilities  			
743321	430	0	Actors			
742298	430	0	alone 			
742554	430	0	As far as			
742810	430	0	they give			
743066	430	0	domain of			
743322	430	0	Event			
742299	430	0	samples 			
742555	430	0	I read 			
742811	430	0	bill			
743067	430	0	Defense			
743323	430	0	Karbala 			
742300	430	0	Beauties 			
742556	430	0	its concept 			
742812	430	0	parts of 			
743068	430	0	gave			
743324	430	0	Hosein			
742301	430	0	attractions 			
742557	430	0	Poetic			
742813	430	0	They sit down			
743069	430	0	their representative 			
743325	430	0	They show			
742302	430	0	tenth  			
742558	430	0	give an example 			
742814	430	0	a thing 			
743070	430	0	Parliament			
743326	430	0	worth			
742303	430	0	knows 			
742559	430	0	b			
742815	430	0	begins 			
743071	430	0	they selected 			
743327	430	0	comparison 			
742304	430	0	sample 			
742560	430	0	permission 			
742816	430	0	coin 			
743072	430	0	Attack of			
743328	430	0	1308			
742305	430	0	capital			
742561	430	0				
742817	430	0	Sumac			
743073	430	0	regime 			
743329	430	0	helical 			
742306	430	0	Empire			
742562	430	0	A little			
742818	430	0	Samanu			
743074	430	0	soil			
743330	430	0				
742307	430	0	Achaemenids			
742563	430	0	I think			
742819	430	0	red			
743075	430	0				
743331	430	0				
742308	430	0				
742564	430	0				
742820	430	0	garlic 			
743076	430	0	education 			
743332	430	0	films 			
742309	430	0	Naghshe Jahan- a pattern of the world 			
742565	430	0	happy 			
742821	430	0	Oleaster			
743077	430	0	Command			